{ 
    "sections": [
    {
      "title": "Applicant Information",
      "fields": [
        {
          "name": "name",
          "label": "Full Legal Name",
          "type": "text",  
          "value": "",     
          "validation": {
            "required": true,
            "minLength": 2
          }
        },
        {
          "name": "birthdate",
          "label": "Birthdate",
          "type": "date",
          "value": "", 
          "validation": {
            "required": true
          }
        },
        {
          "name": "phone_number",
          "label": "Phone Number",
          "type": "text",
          "value": ""
        },
        {
          "name": "sex",
          "label": "Sex",
          "type": "radio",
          "options": ["Male", "Female", "Non-binary"],
          "value": ""
        },
        {
          "name": "weight",
          "label": "Weight (number in lbs)",
          "type": "number",
          "value": ""
        },
        {
          "name": "height",
          "label": "Height (number in inch)",
          "type": "number",
          "value": ""
        },
        {
          "name": "eye_color",
          "label": "Eye Color",
          "type": "text",
          "value": "" 
        },
        {
          "name": "hair_color",
          "label": "Hair Color",
          "type": "text",
          "value": "" 
        }
      ]
    },
    {
      "title": "Address Information",
      "fields": [
        {
          "name": "street_address",
          "label": "Street Address",
          "type": "text",
          "value": "", 
          "validation": {
            "required": true
          }
        },
        {
          "name": "city",
          "label": "City",
          "type": "text",
          "value": "", 
          "validation": {
            "required": true
          }
        },
        {
          "name": "state",
          "label": "State",
          "type": "text",
          "value": "", 
          "validation": {
            "required": true
          }
        },
        {
          "name": "zip_code",
          "label": "ZIP Code",
          "type": "text",
          "value": "", 
          "validation": {
            "required": true
          }
        },
        {
          "name": "mailing_address",
          "label": "Mailing Address",
          "type": "text",
          "value": ""
        }
      ]
    }
  ]
}